<?xml version='1.0' encoding='UTF-8'?>
<?artifactRepository version='1.1.0'?>
<repository name='Bundle pool' type='org.eclipse.equinox.p2.artifact.repository.simpleRepository' version='1'>
  <properties size='2'>
    <property name='p2.system' value='true'/>
    <property name='p2.timestamp' value='1418633182130'/>
  </properties>
  <mappings size='3'>
    <rule filter='(&amp; (classifier=osgi.bundle))' output='${repoUrl}/plugins/${id}_${version}.jar'/>
    <rule filter='(&amp; (classifier=binary))' output='${repoUrl}/binary/${id}_${version}'/>
    <rule filter='(&amp; (classifier=org.eclipse.update.feature))' output='${repoUrl}/features/${id}_${version}.jar'/>
  </mappings>
  <artifacts size='215'>
    <artifact classifier='osgi.bundle' id='org.eclipse.ecf.provider.filetransfer.ssl' version='1.0.0.v20110531-2218'>
      <properties size='1'>
        <property name='download.size' value='8460'/>
      </properties>
    </artifact>
    <artifact classifier='org.eclipse.update.feature' id='org.eclipse.help' version='1.3.0.v20110327-7i7uFFkFFp7gNobOpNgKo0'>
      <properties size='1'>
        <property name='download.size' value='25686'/>
      </properties>
      <repositoryProperties size='1'>
        <property name='artifact.folder' value='true'/>
      </repositoryProperties>
    </artifact>
    <artifact classifier='osgi.bundle' id='org.eclipse.osgi.services.nl_zh' version='3.7.0.v20111128043401'>
      <properties size='1'>
        <property name='download.size' value='1368'/>
      </properties>
    </artifact>
    <artifact classifier='osgi.bundle' id='org.soyatec.exceptions' version='1.0.0'>
      <properties size='1'>
        <property name='download.size' value='7771'/>
      </properties>
    </artifact>
    <artifact classifier='osgi.bundle' id='org.hamcrest.core' version='1.1.0.v20090501071000'>
      <properties size='1'>
        <property name='download.size' value='27827'/>
      </properties>
    </artifact>
    <artifact classifier='osgi.bundle' id='org.eclipse.equinox.http.registry' version='1.1.100.v20110502'>
      <properties size='1'>
        <property name='download.size' value='43999'/>
      </properties>
    </artifact>
    <artifact classifier='osgi.bundle' id='com.soyatec.huawei.platform.osgi' version='1.0.0.v20141215-0845'>
      <properties size='1'>
        <property name='download.size' value='77169'/>
      </properties>
    </artifact>
    <artifact classifier='osgi.bundle' id='org.soyatec.libs' version='1.0.1'>
      <properties size='1'>
        <property name='download.size' value='292155'/>
      </properties>
    </artifact>
    <artifact classifier='osgi.bundle' id='org.eclipse.equinox.frameworkadmin' version='2.0.0.v20110502-1955'>
      <properties size='1'>
        <property name='download.size' value='34983'/>
      </properties>
    </artifact>
    <artifact classifier='osgi.bundle' id='org.eclipse.help.nl_zh' version='3.7.0.v20111128043401'>
      <properties size='1'>
        <property name='download.size' value='1524'/>
      </properties>
    </artifact>
    <artifact classifier='osgi.bundle' id='org.eclipse.ui.ide.nl_zh' version='3.7.0.v20111128043401'>
      <properties size='1'>
        <property name='download.size' value='34265'/>
      </properties>
    </artifact>
    <artifact classifier='osgi.bundle' id='org.eclipse.ui.net.nl_zh' version='3.7.0.v20111128043401'>
      <properties size='1'>
        <property name='download.size' value='2862'/>
      </properties>
    </artifact>
    <artifact classifier='osgi.bundle' id='org.eclipse.ui.forms' version='3.5.100.v20110425'>
      <properties size='1'>
        <property name='download.size' value='300863'/>
      </properties>
    </artifact>
    <artifact classifier='osgi.bundle' id='org.eclipse.osgi' version='3.7.1.R37x_v20110808-1106'>
      <properties size='1'>
        <property name='download.size' value='1363464'/>
      </properties>
    </artifact>
    <artifact classifier='osgi.bundle' id='org.soyatec.tools.register' version='3.0.0.v20141215-0845'>
      <properties size='1'>
        <property name='download.size' value='3710646'/>
      </properties>
    </artifact>
    <artifact classifier='osgi.bundle' id='org.apache.commons.httpclient' version='3.1.0.v201012070820'>
      <properties size='1'>
        <property name='download.size' value='321633'/>
      </properties>
    </artifact>
    <artifact classifier='osgi.bundle' id='org.eclipse.ecf.identity' version='3.1.100.v20110531-2218'>
      <properties size='1'>
        <property name='download.size' value='51439'/>
      </properties>
    </artifact>
    <artifact classifier='osgi.bundle' id='org.eclipse.jsch.core.nl_zh' version='3.7.0.v20111128043401'>
      <properties size='1'>
        <property name='download.size' value='2547'/>
      </properties>
    </artifact>
    <artifact classifier='osgi.bundle' id='org.eclipse.help.ui.nl_zh' version='3.7.0.v20111128043401'>
      <properties size='1'>
        <property name='download.size' value='5903'/>
      </properties>
    </artifact>
    <artifact classifier='osgi.bundle' id='org.eclipse.equinox.http.registry.nl_zh' version='3.7.0.v20111128043401'>
      <properties size='1'>
        <property name='download.size' value='1471'/>
      </properties>
    </artifact>
    <artifact classifier='osgi.bundle' id='org.eclipse.ecf.provider.filetransfer.httpclient' version='4.0.0.v20110531-2218'>
      <properties size='1'>
        <property name='download.size' value='68427'/>
      </properties>
    </artifact>
    <artifact classifier='osgi.bundle' id='org.mortbay.jetty.util' version='6.1.23.v201012071420'>
      <properties size='1'>
        <property name='download.size' value='193298'/>
      </properties>
    </artifact>
    <artifact classifier='osgi.bundle' id='org.eclipse.update.configurator.nl_zh' version='3.7.0.v20111128043401'>
      <properties size='1'>
        <property name='download.size' value='3527'/>
      </properties>
    </artifact>
    <artifact classifier='osgi.bundle' id='org.eclipse.equinox.jsp.jasper' version='1.0.300.v20110502'>
      <properties size='1'>
        <property name='download.size' value='25532'/>
      </properties>
    </artifact>
    <artifact classifier='osgi.bundle' id='org.soyatec.tftp.tftp4java' version='1.1.4'>
      <properties size='1'>
        <property name='download.size' value='86596'/>
      </properties>
    </artifact>
    <artifact classifier='osgi.bundle' id='org.eclipse.core.variables' version='3.2.500.v20110511'>
      <properties size='1'>
        <property name='download.size' value='33030'/>
      </properties>
    </artifact>
    <artifact classifier='osgi.bundle' id='org.eclipse.tm.terminal.nl_zh' version='3.7.0.v20111128043401'>
      <properties size='1'>
        <property name='download.size' value='2435'/>
      </properties>
    </artifact>
    <artifact classifier='osgi.bundle' id='org.eclipse.ui.console' version='3.5.100.v20110511'>
      <properties size='1'>
        <property name='download.size' value='154168'/>
      </properties>
    </artifact>
    <artifact classifier='osgi.bundle' id='com.soyatec.huawei.platform.interface' version='1.0.0.v20141215-0845'>
      <properties size='1'>
        <property name='download.size' value='1421'/>
      </properties>
    </artifact>
    <artifact classifier='osgi.bundle' id='org.eclipse.equinox.frameworkadmin.equinox' version='1.0.300.v20110506'>
      <properties size='1'>
        <property name='download.size' value='61087'/>
      </properties>
    </artifact>
    <artifact classifier='osgi.bundle' id='org.eclipse.equinox.common' version='3.6.0.v20110523'>
      <properties size='1'>
        <property name='download.size' value='105624'/>
      </properties>
    </artifact>
    <artifact classifier='org.eclipse.update.feature' id='com.soyatec.huawei.platform.update.feature' version='1.0.0.v20141215-0845'>
      <properties size='1'>
        <property name='download.size' value='485'/>
      </properties>
      <repositoryProperties size='1'>
        <property name='artifact.folder' value='true'/>
      </repositoryProperties>
    </artifact>
    <artifact classifier='osgi.bundle' id='org.eclipse.equinox.registry.nl_zh' version='3.7.0.v20111128043401'>
      <properties size='1'>
        <property name='download.size' value='3674'/>
      </properties>
    </artifact>
    <artifact classifier='osgi.bundle' id='org.sat4j.pb' version='2.3.0.v20110329'>
      <properties size='1'>
        <property name='download.size' value='140725'/>
      </properties>
    </artifact>
    <artifact classifier='osgi.bundle' id='org.soyatec.console.tools' version='1.0.1'>
      <properties size='1'>
        <property name='download.size' value='14777'/>
      </properties>
    </artifact>
    <artifact classifier='osgi.bundle' id='org.eclipse.ui.workbench.texteditor.nl_zh' version='3.7.0.v20111128043401'>
      <properties size='1'>
        <property name='download.size' value='14454'/>
      </properties>
    </artifact>
    <artifact classifier='osgi.bundle' id='org.eclipse.core.databinding.property.nl_zh' version='3.7.0.v20111128043401'>
      <properties size='1'>
        <property name='download.size' value='1427'/>
      </properties>
    </artifact>
    <artifact classifier='osgi.bundle' id='org.eclipse.swt' version='3.7.1.v3738a'>
      <properties size='1'>
        <property name='download.size' value='17329'/>
      </properties>
    </artifact>
    <artifact classifier='org.eclipse.update.feature' id='org.soyatec.huawei.platform.update.contents.feature' version='1.0.0.v20141215-0844'>
      <properties size='1'>
        <property name='download.size' value='860'/>
      </properties>
      <repositoryProperties size='1'>
        <property name='artifact.folder' value='true'/>
      </repositoryProperties>
    </artifact>
    <artifact classifier='osgi.bundle' id='org.eclipse.equinox.p2.console' version='1.0.300.v20110502-1955'>
      <properties size='1'>
        <property name='download.size' value='26961'/>
      </properties>
    </artifact>
    <artifact classifier='osgi.bundle' id='org.eclipse.core.net' version='1.2.100.I20110511-0800'>
      <properties size='1'>
        <property name='download.size' value='69180'/>
      </properties>
    </artifact>
    <artifact classifier='osgi.bundle' id='org.mortbay.jetty.server' version='6.1.23.v201012071420'>
      <properties size='1'>
        <property name='download.size' value='557887'/>
      </properties>
    </artifact>
    <artifact classifier='osgi.bundle' id='org.eclipse.team.core' version='3.6.0.I20110525-0800'>
      <properties size='1'>
        <property name='download.size' value='393873'/>
      </properties>
    </artifact>
    <artifact classifier='osgi.bundle' id='org.eclipse.equinox.common.nl_zh' version='3.7.0.v20111128043401'>
      <properties size='1'>
        <property name='download.size' value='3250'/>
      </properties>
    </artifact>
    <artifact classifier='osgi.bundle' id='org.eclipse.jface.nl_zh' version='3.7.0.v20111128043401'>
      <properties size='1'>
        <property name='download.size' value='6396'/>
      </properties>
    </artifact>
    <artifact classifier='org.eclipse.update.feature' id='com.soyatec.huawei.ddrtraining.feature' version='3.0.0.v20141215-0845'>
      <properties size='1'>
        <property name='download.size' value='496'/>
      </properties>
      <repositoryProperties size='1'>
        <property name='artifact.folder' value='true'/>
      </repositoryProperties>
    </artifact>
    <artifact classifier='osgi.bundle' id='org.soyatec.connector.api.ui.config.serial' version='1.0.7'>
      <properties size='1'>
        <property name='download.size' value='17561'/>
      </properties>
    </artifact>
    <artifact classifier='osgi.bundle' id='org.eclipse.ui.views' version='3.6.0.I20110412-0800'>
      <properties size='1'>
        <property name='download.size' value='90136'/>
      </properties>
    </artifact>
    <artifact classifier='osgi.bundle' id='org.eclipse.equinox.ds' version='1.3.1.R37x_v20110701'>
      <properties size='1'>
        <property name='download.size' value='189350'/>
      </properties>
    </artifact>
    <artifact classifier='osgi.bundle' id='org.eclipse.equinox.security.ui' version='1.1.0.v20101004'>
      <properties size='1'>
        <property name='download.size' value='214241'/>
      </properties>
    </artifact>
    <artifact classifier='osgi.bundle' id='org.eclipse.equinox.ds.nl_zh' version='3.7.0.v20111128043401'>
      <properties size='1'>
        <property name='download.size' value='3261'/>
      </properties>
    </artifact>
    <artifact classifier='osgi.bundle' id='org.eclipse.ecf' version='3.1.300.v20110531-2218'>
      <properties size='1'>
        <property name='download.size' value='93248'/>
      </properties>
    </artifact>
    <artifact classifier='osgi.bundle' id='org.eclipse.core.databinding.observable.nl_zh' version='3.7.0.v20111128043401'>
      <properties size='1'>
        <property name='download.size' value='1388'/>
      </properties>
    </artifact>
    <artifact classifier='osgi.bundle' id='org.eclipse.ui' version='3.7.0.I20110602-0100'>
      <properties size='1'>
        <property name='download.size' value='153149'/>
      </properties>
    </artifact>
    <artifact classifier='osgi.bundle' id='org.apache.lucene' version='2.9.1.v201101211721'>
      <properties size='1'>
        <property name='download.size' value='71018'/>
      </properties>
    </artifact>
    <artifact classifier='osgi.bundle' id='org.eclipse.ui.console.nl_zh' version='3.7.0.v20111128043401'>
      <properties size='1'>
        <property name='download.size' value='3610'/>
      </properties>
    </artifact>
    <artifact classifier='osgi.bundle' id='org.eclipse.equinox.p2.ql' version='2.0.100.v20110510'>
      <properties size='1'>
        <property name='download.size' value='8032'/>
      </properties>
    </artifact>
    <artifact classifier='osgi.bundle' id='org.eclipse.equinox.p2.metadata.repository' version='1.2.0.v20110511-1359'>
      <properties size='1'>
        <property name='download.size' value='115701'/>
      </properties>
    </artifact>
    <artifact classifier='osgi.bundle' id='org.eclipse.ui.browser.nl_zh' version='3.7.0.v20111128043401'>
      <properties size='1'>
        <property name='download.size' value='3351'/>
      </properties>
    </artifact>
    <artifact classifier='org.eclipse.update.feature' id='com.soyatec.huawei.platform.feature' version='2.0.11.v20141215-0845'>
      <properties size='1'>
        <property name='download.size' value='16146'/>
      </properties>
      <repositoryProperties size='1'>
        <property name='artifact.folder' value='true'/>
      </repositoryProperties>
    </artifact>
    <artifact classifier='osgi.bundle' id='org.eclipse.core.contenttype.nl_zh' version='3.7.0.v20111128043401'>
      <properties size='1'>
        <property name='download.size' value='2710'/>
      </properties>
    </artifact>
    <artifact classifier='osgi.bundle' id='org.eclipse.rcp.nl_zh' version='3.7.0.v20111128043401'>
      <properties size='1'>
        <property name='download.size' value='1750'/>
      </properties>
    </artifact>
    <artifact classifier='osgi.bundle' id='org.eclipse.core.databinding.nl_zh' version='3.7.0.v20111128043401'>
      <properties size='1'>
        <property name='download.size' value='2723'/>
      </properties>
    </artifact>
    <artifact classifier='org.eclipse.update.feature' id='org.eclipse.equinox.p2.core.feature' version='1.0.1.R37x_v20110906-8290FZ3FUqIcLqkVkEaTdn_14C7G'>
      <properties size='1'>
        <property name='download.size' value='26039'/>
      </properties>
      <repositoryProperties size='1'>
        <property name='artifact.folder' value='true'/>
      </repositoryProperties>
    </artifact>
    <artifact classifier='osgi.bundle' id='org.eclipse.core.runtime' version='3.7.0.v20110110'>
      <properties size='1'>
        <property name='download.size' value='70526'/>
      </properties>
    </artifact>
    <artifact classifier='osgi.bundle' id='org.apache.commons.codec' version='1.3.0.v201101211617'>
      <properties size='1'>
        <property name='download.size' value='55011'/>
      </properties>
    </artifact>
    <artifact classifier='osgi.bundle' id='org.eclipse.core.databinding' version='1.4.0.I20110111-0800'>
      <properties size='1'>
        <property name='download.size' value='200967'/>
      </properties>
    </artifact>
    <artifact classifier='osgi.bundle' id='org.apache.lucene.core' version='2.9.1.v201101211721'>
      <properties size='1'>
        <property name='download.size' value='1168475'/>
      </properties>
    </artifact>
    <artifact classifier='osgi.bundle' id='com.hisilicon.terminal.telnet' version='2.1.0'>
      <properties size='1'>
        <property name='download.size' value='30218'/>
      </properties>
    </artifact>
    <artifact classifier='osgi.bundle' id='org.eclipse.equinox.p2.extensionlocation' version='1.2.100.v20110510'>
      <properties size='1'>
        <property name='download.size' value='34562'/>
      </properties>
    </artifact>
    <artifact classifier='osgi.bundle' id='com.soyatec.huawei.ddrtraining' version='3.0.0.v20141215-0845'>
      <properties size='1'>
        <property name='download.size' value='2854849'/>
      </properties>
    </artifact>
    <artifact classifier='osgi.bundle' id='com.hisilicon.fastboot' version='3.0.12.v20141215-0845'>
      <properties size='1'>
        <property name='download.size' value='6059209'/>
      </properties>
    </artifact>
    <artifact classifier='osgi.bundle' id='org.eclipse.equinox.launcher.win32.win32.x86' version='1.1.100.v20110502'>
      <properties size='1'>
        <property name='download.size' value='22028'/>
      </properties>
      <repositoryProperties size='1'>
        <property name='artifact.folder' value='true'/>
      </repositoryProperties>
    </artifact>
    <artifact classifier='osgi.bundle' id='org.eclipse.equinox.p2.updatechecker' version='1.1.200.v20110502-1955'>
      <properties size='1'>
        <property name='download.size' value='16801'/>
      </properties>
    </artifact>
    <artifact classifier='osgi.bundle' id='org.eclipse.swt.win32.win32.x86' version='3.7.1.v3738a'>
      <properties size='1'>
        <property name='download.size' value='2617699'/>
      </properties>
    </artifact>
    <artifact classifier='osgi.bundle' id='com.hisilicon.debugger' version='3.0.2.v20141215-0845'>
      <properties size='1'>
        <property name='download.size' value='4522672'/>
      </properties>
    </artifact>
    <artifact classifier='osgi.bundle' id='org.eclipse.ui.ide' version='3.7.0.v20110809-1737'>
      <properties size='1'>
        <property name='download.size' value='2339434'/>
      </properties>
    </artifact>
    <artifact classifier='osgi.bundle' id='org.eclipse.ecf.filetransfer' version='5.0.0.v20110531-2218'>
      <properties size='1'>
        <property name='download.size' value='50502'/>
      </properties>
    </artifact>
    <artifact classifier='osgi.bundle' id='org.eclipse.help.base' version='3.6.1.v201109091335'>
      <properties size='1'>
        <property name='download.size' value='414128'/>
      </properties>
    </artifact>
    <artifact classifier='osgi.bundle' id='org.eclipse.equinox.p2.ui' version='2.1.0.v20110601'>
      <properties size='1'>
        <property name='download.size' value='514256'/>
      </properties>
    </artifact>
    <artifact classifier='osgi.bundle' id='org.eclipse.ui.workbench.nl_zh' version='3.7.0.v20111128043401'>
      <properties size='1'>
        <property name='download.size' value='29998'/>
      </properties>
    </artifact>
    <artifact classifier='osgi.bundle' id='org.eclipse.equinox.util.nl_zh' version='3.7.0.v20111128043401'>
      <properties size='1'>
        <property name='download.size' value='1378'/>
      </properties>
    </artifact>
    <artifact classifier='osgi.bundle' id='org.eclipse.team.core.nl_zh' version='3.7.0.v20111128043401'>
      <properties size='1'>
        <property name='download.size' value='4580'/>
      </properties>
    </artifact>
    <artifact classifier='osgi.bundle' id='org.eclipse.equinox.security.win32.x86' version='1.0.200.v20100503'>
      <properties size='1'>
        <property name='download.size' value='22003'/>
      </properties>
    </artifact>
    <artifact classifier='osgi.bundle' id='org.eclipse.tm.terminal' version='3.1.1.R33x_v201107181530'>
      <properties size='1'>
        <property name='download.size' value='168348'/>
      </properties>
    </artifact>
    <artifact classifier='osgi.bundle' id='org.eclipse.equinox.preferences' version='3.4.1.R37x_v20110725'>
      <properties size='1'>
        <property name='download.size' value='111595'/>
      </properties>
    </artifact>
    <artifact classifier='osgi.bundle' id='org.eclipse.ui.views.log' version='1.0.200.v20110404'>
      <properties size='1'>
        <property name='download.size' value='138538'/>
      </properties>
    </artifact>
    <artifact classifier='osgi.bundle' id='org.eclipse.equinox.p2.transport.ecf' version='1.0.0.v20110510'>
      <properties size='1'>
        <property name='download.size' value='38054'/>
      </properties>
    </artifact>
    <artifact classifier='osgi.bundle' id='org.eclipse.equinox.jsp.jasper.nl_zh' version='3.7.0.v20111128043401'>
      <properties size='1'>
        <property name='download.size' value='1382'/>
      </properties>
    </artifact>
    <artifact classifier='osgi.bundle' id='org.eclipse.core.jobs.nl_zh' version='3.7.0.v20111128043401'>
      <properties size='1'>
        <property name='download.size' value='2448'/>
      </properties>
    </artifact>
    <artifact classifier='osgi.bundle' id='com.soyatec.huawei.platform.doc' version='1.0.1'>
      <properties size='1'>
        <property name='download.size' value='3188188'/>
      </properties>
    </artifact>
    <artifact classifier='osgi.bundle' id='org.eclipse.equinox.p2.publisher' version='1.2.0.v20110511'>
      <properties size='1'>
        <property name='download.size' value='102065'/>
      </properties>
    </artifact>
    <artifact classifier='osgi.bundle' id='org.eclipse.jface' version='3.7.0.I20110522-1430'>
      <properties size='1'>
        <property name='download.size' value='1077121'/>
      </properties>
    </artifact>
    <artifact classifier='osgi.bundle' id='org.eclipse.equinox.p2.director.app' version='1.0.300.v20110505'>
      <properties size='1'>
        <property name='download.size' value='47308'/>
      </properties>
    </artifact>
    <artifact classifier='osgi.bundle' id='org.apache.jasper' version='5.5.17.v201101211617'>
      <properties size='1'>
        <property name='download.size' value='1722563'/>
      </properties>
    </artifact>
    <artifact classifier='osgi.bundle' id='org.eclipse.jface.databinding.nl_zh' version='3.7.0.v20111128043401'>
      <properties size='1'>
        <property name='download.size' value='1443'/>
      </properties>
    </artifact>
    <artifact classifier='osgi.bundle' id='org.eclipse.text' version='3.5.101.r371_v20110810-0800'>
      <properties size='1'>
        <property name='download.size' value='248178'/>
      </properties>
    </artifact>
    <artifact classifier='osgi.bundle' id='org.eclipse.help.webapp' version='3.6.0.v20110518'>
      <properties size='1'>
        <property name='download.size' value='586730'/>
      </properties>
    </artifact>
    <artifact classifier='osgi.bundle' id='org.eclipse.jface.databinding' version='1.5.0.I20100907-0800'>
      <properties size='1'>
        <property name='download.size' value='275458'/>
      </properties>
    </artifact>
    <artifact classifier='osgi.bundle' id='org.eclipse.ui.net' version='1.2.100.I20110511-0800'>
      <properties size='1'>
        <property name='download.size' value='47715'/>
      </properties>
    </artifact>
    <artifact classifier='osgi.bundle' id='org.soyatec.connector.manager' version='1.0.8'>
      <properties size='1'>
        <property name='download.size' value='70210'/>
      </properties>
    </artifact>
    <artifact classifier='osgi.bundle' id='org.eclipse.equinox.p2.updatesite' version='1.0.300.v20110510'>
      <properties size='1'>
        <property name='download.size' value='82539'/>
      </properties>
    </artifact>
    <artifact classifier='osgi.bundle' id='org.eclipse.core.net.nl_zh' version='3.7.0.v20111128043401'>
      <properties size='1'>
        <property name='download.size' value='2307'/>
      </properties>
    </artifact>
    <artifact classifier='osgi.bundle' id='org.eclipse.equinox.p2.ui.importexport' version='1.0.0.v20110511'>
      <properties size='1'>
        <property name='download.size' value='101163'/>
      </properties>
    </artifact>
    <artifact classifier='osgi.bundle' id='javax.servlet.jsp' version='2.0.0.v201101211617'>
      <properties size='1'>
        <property name='download.size' value='63887'/>
      </properties>
    </artifact>
    <artifact classifier='osgi.bundle' id='org.eclipse.core.expressions' version='3.4.300.v20110228'>
      <properties size='1'>
        <property name='download.size' value='86992'/>
      </properties>
    </artifact>
    <artifact classifier='osgi.bundle' id='org.eclipse.compare.core.nl_zh' version='3.7.0.v20111128043401'>
      <properties size='1'>
        <property name='download.size' value='2484'/>
      </properties>
    </artifact>
    <artifact classifier='osgi.bundle' id='org.eclipse.equinox.p2.touchpoint.natives' version='1.0.300.v20110502-1955'>
      <properties size='1'>
        <property name='download.size' value='50203'/>
      </properties>
    </artifact>
    <artifact classifier='osgi.bundle' id='org.eclipse.equinox.jsp.jasper.registry.nl_zh' version='3.7.0.v20111128043401'>
      <properties size='1'>
        <property name='download.size' value='1390'/>
      </properties>
    </artifact>
    <artifact classifier='osgi.bundle' id='org.eclipse.core.runtime.compatibility.auth' version='3.2.200.v20110110'>
      <properties size='1'>
        <property name='download.size' value='22838'/>
      </properties>
    </artifact>
    <artifact classifier='osgi.bundle' id='org.eclipse.equinox.p2.core' version='2.1.0.v20110502-1955'>
      <properties size='1'>
        <property name='download.size' value='70810'/>
      </properties>
    </artifact>
    <artifact classifier='osgi.bundle' id='org.eclipse.ui.views.nl_zh' version='3.7.0.v20111128043401'>
      <properties size='1'>
        <property name='download.size' value='3328'/>
      </properties>
    </artifact>
    <artifact classifier='osgi.bundle' id='org.eclipse.equinox.registry' version='3.5.101.R37x_v20110810-1611'>
      <properties size='1'>
        <property name='download.size' value='183035'/>
      </properties>
    </artifact>
    <artifact classifier='osgi.bundle' id='org.eclipse.equinox.p2.ui.sdk.hisi.nl' version='1.0.0.201207091422'>
      <properties size='1'>
        <property name='download.size' value='954'/>
      </properties>
    </artifact>
    <artifact classifier='osgi.bundle' id='org.eclipse.equinox.p2.directorywatcher' version='1.0.300.v20110502-1955'>
      <properties size='1'>
        <property name='download.size' value='32573'/>
      </properties>
    </artifact>
    <artifact classifier='osgi.bundle' id='org.eclipse.tm.terminal.ssh' version='2.1.0.v201101042155'>
      <properties size='1'>
        <property name='download.size' value='39174'/>
      </properties>
    </artifact>
    <artifact classifier='osgi.bundle' id='org.eclipse.core.databinding.property' version='1.4.0.I20110222-0800'>
      <properties size='1'>
        <property name='download.size' value='167964'/>
      </properties>
    </artifact>
    <artifact classifier='osgi.bundle' id='org.eclipse.core.databinding.observable' version='1.4.0.I20110222-0800'>
      <properties size='1'>
        <property name='download.size' value='296139'/>
      </properties>
    </artifact>
    <artifact classifier='osgi.bundle' id='org.eclipse.equinox.p2.jarprocessor' version='1.0.200.v20110502-1955'>
      <properties size='1'>
        <property name='download.size' value='67020'/>
      </properties>
    </artifact>
    <artifact classifier='osgi.bundle' id='org.eclipse.ecf.provider.filetransfer.httpclient.ssl' version='1.0.0.v20110531-2218'>
      <properties size='1'>
        <property name='download.size' value='16734'/>
      </properties>
    </artifact>
    <artifact classifier='osgi.bundle' id='org.soyatec.connector.api' version='1.0.7'>
      <properties size='1'>
        <property name='download.size' value='3497'/>
      </properties>
    </artifact>
    <artifact classifier='osgi.bundle' id='org.apache.lucene.analysis' version='2.9.1.v201101211721'>
      <properties size='1'>
        <property name='download.size' value='216089'/>
      </properties>
    </artifact>
    <artifact classifier='osgi.bundle' id='org.eclipse.core.filebuffers' version='3.5.200.v20110505-0800'>
      <properties size='1'>
        <property name='download.size' value='113448'/>
      </properties>
    </artifact>
    <artifact classifier='osgi.bundle' id='org.eclipse.equinox.p2.reconciler.dropins' version='1.1.100.v20110510'>
      <properties size='1'>
        <property name='download.size' value='47405'/>
      </properties>
    </artifact>
    <artifact classifier='osgi.bundle' id='org.soyatec.connector.api.telnet' version='1.0.7'>
      <properties size='1'>
        <property name='download.size' value='10356'/>
      </properties>
    </artifact>
    <artifact classifier='osgi.bundle' id='org.eclipse.equinox.http.servlet.nl_zh' version='3.7.0.v20111128043401'>
      <properties size='1'>
        <property name='download.size' value='1416'/>
      </properties>
    </artifact>
    <artifact classifier='osgi.bundle' id='org.soyatec.connector.api.ui.config.telnet' version='1.0.7'>
      <properties size='1'>
        <property name='download.size' value='33297'/>
      </properties>
    </artifact>
    <artifact classifier='org.eclipse.update.feature' id='org.soyatec.fastboot.feature' version='3.0.12.v20141215-0845'>
      <properties size='1'>
        <property name='download.size' value='1515'/>
      </properties>
      <repositoryProperties size='1'>
        <property name='artifact.folder' value='true'/>
      </repositoryProperties>
    </artifact>
    <artifact classifier='osgi.bundle' id='org.eclipse.core.resources.nl_zh' version='3.7.0.v20111128043401'>
      <properties size='1'>
        <property name='download.size' value='9819'/>
      </properties>
    </artifact>
    <artifact classifier='osgi.bundle' id='javax.servlet' version='2.5.0.v201103041518'>
      <properties size='1'>
        <property name='download.size' value='119303'/>
      </properties>
    </artifact>
    <artifact classifier='osgi.bundle' id='org.eclipse.equinox.launcher.win32.win32.x86.nl_zh' version='3.7.0.v20111128043401'>
      <properties size='1'>
        <property name='download.size' value='1520'/>
      </properties>
    </artifact>
    <artifact classifier='osgi.bundle' id='org.eclipse.equinox.p2.ui.sdk.scheduler' version='1.0.100.v20110502-1955'>
      <properties size='1'>
        <property name='download.size' value='58905'/>
      </properties>
    </artifact>
    <artifact classifier='osgi.bundle' id='org.eclipse.equinox.p2.repository.tools' version='2.0.100.v20110512-1320'>
      <properties size='1'>
        <property name='download.size' value='232671'/>
      </properties>
    </artifact>
    <artifact classifier='osgi.bundle' id='org.eclipse.ui.workbench' version='3.7.0.I20110519-0100'>
      <properties size='1'>
        <property name='download.size' value='4165292'/>
      </properties>
    </artifact>
    <artifact classifier='osgi.bundle' id='org.eclipse.equinox.p2.operations' version='2.1.0.v20110511-1821'>
      <properties size='1'>
        <property name='download.size' value='55482'/>
      </properties>
    </artifact>
    <artifact classifier='osgi.bundle' id='org.soyatec.libs.win32.x86' version='1.0.1'>
      <properties size='1'>
        <property name='download.size' value='130312'/>
      </properties>
    </artifact>
    <artifact classifier='osgi.bundle' id='org.eclipse.core.filesystem.nl_zh' version='3.7.0.v20111128043401'>
      <properties size='1'>
        <property name='download.size' value='2996'/>
      </properties>
    </artifact>
    <artifact classifier='osgi.bundle' id='org.eclipse.equinox.simpleconfigurator' version='1.0.200.v20110502-1955'>
      <properties size='1'>
        <property name='download.size' value='39504'/>
      </properties>
    </artifact>
    <artifact classifier='osgi.bundle' id='org.eclipse.update.configurator' version='3.3.100.v20100512'>
      <properties size='1'>
        <property name='download.size' value='99908'/>
      </properties>
    </artifact>
    <artifact classifier='osgi.bundle' id='org.eclipse.equinox.preferences.nl_zh' version='3.7.0.v20111128043401'>
      <properties size='1'>
        <property name='download.size' value='3168'/>
      </properties>
    </artifact>
    <artifact classifier='osgi.bundle' id='org.eclipse.equinox.p2.publisher.eclipse' version='1.0.0.v20110511'>
      <properties size='1'>
        <property name='download.size' value='194037'/>
      </properties>
      <repositoryProperties size='1'>
        <property name='artifact.folder' value='true'/>
      </repositoryProperties>
    </artifact>
    <artifact classifier='osgi.bundle' id='org.eclipse.equinox.util' version='1.0.300.v20110502'>
      <properties size='1'>
        <property name='download.size' value='76820'/>
      </properties>
    </artifact>
    <artifact classifier='osgi.bundle' id='org.eclipse.osgi.nl_zh' version='3.7.0.v20111128043401'>
      <properties size='1'>
        <property name='download.size' value='14357'/>
      </properties>
    </artifact>
    <artifact classifier='osgi.bundle' id='org.eclipse.equinox.p2.repository' version='2.1.0.v20110601'>
      <properties size='1'>
        <property name='download.size' value='127836'/>
      </properties>
    </artifact>
    <artifact classifier='osgi.bundle' id='org.eclipse.equinox.p2.garbagecollector' version='1.0.200.v20110510'>
      <properties size='1'>
        <property name='download.size' value='24986'/>
      </properties>
    </artifact>
    <artifact classifier='osgi.bundle' id='org.apache.commons.logging' version='1.0.4.v201101211617'>
      <properties size='1'>
        <property name='download.size' value='45405'/>
      </properties>
    </artifact>
    <artifact classifier='osgi.bundle' id='org.eclipse.ecf.provider.filetransfer' version='3.2.0.v20110531-2218'>
      <properties size='1'>
        <property name='download.size' value='126827'/>
      </properties>
    </artifact>
    <artifact classifier='osgi.bundle' id='org.eclipse.core.resources' version='3.7.100.v20110510-0712'>
      <properties size='1'>
        <property name='download.size' value='810220'/>
      </properties>
    </artifact>
    <artifact classifier='osgi.bundle' id='org.eclipse.core.expressions.nl_zh' version='3.7.0.v20111128043401'>
      <properties size='1'>
        <property name='download.size' value='3068'/>
      </properties>
    </artifact>
    <artifact classifier='osgi.bundle' id='org.soyatec.preferences' version='1.0.0'>
      <properties size='1'>
        <property name='download.size' value='8445'/>
      </properties>
    </artifact>
    <artifact classifier='osgi.bundle' id='org.eclipse.equinox.p2.touchpoint.eclipse' version='2.1.1.R37x_v20110815-0935'>
      <properties size='1'>
        <property name='download.size' value='123287'/>
      </properties>
    </artifact>
    <artifact classifier='osgi.bundle' id='org.eclipse.text.nl_zh' version='3.7.0.v20111128043401'>
      <properties size='1'>
        <property name='download.size' value='4445'/>
      </properties>
    </artifact>
    <artifact classifier='osgi.bundle' id='org.apache.commons.el' version='1.0.0.v201101211617'>
      <properties size='1'>
        <property name='download.size' value='128684'/>
      </properties>
    </artifact>
    <artifact classifier='osgi.bundle' id='com.jcraft.jsch' version='0.1.41.v201101211617'>
      <properties size='1'>
        <property name='download.size' value='226770'/>
      </properties>
    </artifact>
    <artifact classifier='osgi.bundle' id='org.eclipse.equinox.p2.ui.sdk' version='1.0.200.v20110502-1955'>
      <properties size='1'>
        <property name='download.size' value='41395'/>
      </properties>
    </artifact>
    <artifact classifier='osgi.bundle' id='org.eclipse.jface.text.nl_zh' version='3.7.0.v20111128043401'>
      <properties size='1'>
        <property name='download.size' value='12931'/>
      </properties>
    </artifact>
    <artifact classifier='osgi.bundle' id='org.eclipse.equinox.launcher' version='1.2.0.v20110502'>
      <properties size='1'>
        <property name='download.size' value='47262'/>
      </properties>
    </artifact>
    <artifact classifier='osgi.bundle' id='org.eclipse.tm.terminal.ssh.nl_zh' version='3.7.0.v20111128043401'>
      <properties size='1'>
        <property name='download.size' value='2664'/>
      </properties>
    </artifact>
    <artifact classifier='osgi.bundle' id='org.eclipse.equinox.app' version='1.3.100.v20110321'>
      <properties size='1'>
        <property name='download.size' value='85218'/>
      </properties>
    </artifact>
    <artifact classifier='osgi.bundle' id='org.eclipse.ui.views.log.nl_zh' version='3.7.0.v20111128043401'>
      <properties size='1'>
        <property name='download.size' value='3913'/>
      </properties>
    </artifact>
    <artifact classifier='osgi.bundle' id='org.eclipse.equinox.p2.artifact.repository' version='1.1.101.R37x_v20110714'>
      <properties size='1'>
        <property name='download.size' value='133697'/>
      </properties>
    </artifact>
    <artifact classifier='osgi.bundle' id='org.eclipse.core.variables.nl_zh' version='3.7.0.v20111128043401'>
      <properties size='1'>
        <property name='download.size' value='2580'/>
      </properties>
    </artifact>
    <artifact classifier='osgi.bundle' id='org.eclipse.core.filebuffers.nl_zh' version='3.7.0.v20111128043401'>
      <properties size='1'>
        <property name='download.size' value='4197'/>
      </properties>
    </artifact>
    <artifact classifier='osgi.bundle' id='org.eclipse.equinox.jsp.jasper.registry' version='1.0.200.v20100503'>
      <properties size='1'>
        <property name='download.size' value='11131'/>
      </properties>
    </artifact>
    <artifact classifier='osgi.bundle' id='org.eclipse.compare.core' version='3.5.200.I20110208-0800'>
      <properties size='1'>
        <property name='download.size' value='61780'/>
      </properties>
    </artifact>
    <artifact classifier='osgi.bundle' id='org.eclipse.osgi.services' version='3.3.0.v20110513'>
      <properties size='1'>
        <property name='download.size' value='71157'/>
      </properties>
    </artifact>
    <artifact classifier='osgi.bundle' id='org.eclipse.jface.text' version='3.7.1.r371_v20110825-0800'>
      <properties size='1'>
        <property name='download.size' value='981544'/>
      </properties>
    </artifact>
    <artifact classifier='osgi.bundle' id='org.eclipse.equinox.security' version='1.1.1.R37x_v20110822-1018'>
      <properties size='1'>
        <property name='download.size' value='106105'/>
      </properties>
    </artifact>
    <artifact classifier='osgi.bundle' id='org.eclipse.core.filesystem' version='1.3.100.v20110423-0524'>
      <properties size='1'>
        <property name='download.size' value='53218'/>
      </properties>
    </artifact>
    <artifact classifier='osgi.bundle' id='org.eclipse.equinox.security.ui.nl_zh' version='3.7.0.v20111128043401'>
      <properties size='1'>
        <property name='download.size' value='7859'/>
      </properties>
    </artifact>
    <artifact classifier='osgi.bundle' id='org.sat4j.core' version='2.3.0.v20110329'>
      <properties size='1'>
        <property name='download.size' value='210700'/>
      </properties>
    </artifact>
    <artifact classifier='osgi.bundle' id='org.eclipse.equinox.p2.engine' version='2.1.0.v20110511'>
      <properties size='1'>
        <property name='download.size' value='184851'/>
      </properties>
    </artifact>
    <artifact classifier='osgi.bundle' id='org.eclipse.core.commands.nl_zh' version='3.7.0.v20111128043401'>
      <properties size='1'>
        <property name='download.size' value='1399'/>
      </properties>
    </artifact>
    <artifact classifier='osgi.bundle' id='org.eclipse.ui.workbench.texteditor' version='3.7.0.v20110505-0800'>
      <properties size='1'>
        <property name='download.size' value='581951'/>
      </properties>
    </artifact>
    <artifact classifier='osgi.bundle' id='org.eclipse.help.ui' version='3.5.101.r37_20110819'>
      <properties size='1'>
        <property name='download.size' value='509522'/>
      </properties>
    </artifact>
    <artifact classifier='osgi.bundle' id='org.eclipse.core.databinding.beans' version='1.2.100.I20100824-0800'>
      <properties size='1'>
        <property name='download.size' value='75419'/>
      </properties>
    </artifact>
    <artifact classifier='org.eclipse.update.feature' id='org.eclipse.equinox.p2.user.ui' version='2.1.2.R37x_v20110815-1155-6-Bj9JXOeQxOURYC-l9BL7rDEQO7'>
      <properties size='1'>
        <property name='download.size' value='25636'/>
      </properties>
      <repositoryProperties size='1'>
        <property name='artifact.folder' value='true'/>
      </repositoryProperties>
    </artifact>
    <artifact classifier='osgi.bundle' id='org.eclipse.equinox.http.servlet' version='1.1.200.v20110502'>
      <properties size='1'>
        <property name='download.size' value='42552'/>
      </properties>
    </artifact>
    <artifact classifier='osgi.bundle' id='org.eclipse.equinox.p2.metadata' version='2.1.0.v20110510'>
      <properties size='1'>
        <property name='download.size' value='339085'/>
      </properties>
    </artifact>
    <artifact classifier='osgi.bundle' id='org.eclipse.ui.nl_zh' version='3.7.0.v20111128043401'>
      <properties size='1'>
        <property name='download.size' value='6030'/>
      </properties>
    </artifact>
    <artifact classifier='osgi.bundle' id='org.eclipse.rcp' version='3.7.0.v201109091335'>
      <properties size='1'>
        <property name='download.size' value='14137'/>
      </properties>
    </artifact>
    <artifact classifier='osgi.bundle' id='com.ibm.icu.base' version='4.4.2.v20110208'>
      <properties size='1'>
        <property name='download.size' value='125915'/>
      </properties>
    </artifact>
    <artifact classifier='osgi.bundle' id='com.hisilicon.terminal.prototype' version='1.0.0.201305241655'>
      <properties size='1'>
        <property name='download.size' value='135150'/>
      </properties>
    </artifact>
    <artifact classifier='osgi.bundle' id='org.eclipse.ant.core' version='3.2.300.v20110511'>
      <properties size='1'>
        <property name='download.size' value='97774'/>
      </properties>
    </artifact>
    <artifact classifier='osgi.bundle' id='org.eclipse.ui.forms.nl_zh' version='3.7.0.v20111128043401'>
      <properties size='1'>
        <property name='download.size' value='2462'/>
      </properties>
    </artifact>
    <artifact classifier='osgi.bundle' id='org.eclipse.core.databinding.beans.nl_zh' version='3.7.0.v20111128043401'>
      <properties size='1'>
        <property name='download.size' value='1434'/>
      </properties>
    </artifact>
    <artifact classifier='osgi.bundle' id='com.soyatec.huawei.platform.core' version='1.0.0'>
      <properties size='1'>
        <property name='download.size' value='64384'/>
      </properties>
    </artifact>
    <artifact classifier='osgi.bundle' id='org.eclipse.equinox.security.nl_zh' version='3.7.0.v20111128043401'>
      <properties size='1'>
        <property name='download.size' value='4847'/>
      </properties>
    </artifact>
    <artifact classifier='osgi.bundle' id='org.eclipse.equinox.simpleconfigurator.manipulator' version='2.0.0.v20110502-1955'>
      <properties size='1'>
        <property name='download.size' value='22846'/>
      </properties>
    </artifact>
    <artifact classifier='osgi.bundle' id='org.soyatec.connector.api.serial' version='1.0.7'>
      <properties size='1'>
        <property name='download.size' value='12188'/>
      </properties>
    </artifact>
    <artifact classifier='osgi.bundle' id='org.eclipse.ecf.ssl' version='1.0.100.v20110531-2218'>
      <properties size='1'>
        <property name='download.size' value='11558'/>
      </properties>
    </artifact>
    <artifact classifier='osgi.bundle' id='org.eclipse.equinox.launcher.nl_zh' version='3.7.0.v20111128043401'>
      <properties size='1'>
        <property name='download.size' value='1421'/>
      </properties>
    </artifact>
    <artifact classifier='osgi.bundle' id='org.eclipse.core.commands' version='3.6.0.I20110111-0800'>
      <properties size='1'>
        <property name='download.size' value='107303'/>
      </properties>
    </artifact>
    <artifact classifier='osgi.bundle' id='org.eclipse.swt.nl_zh' version='3.7.0.v20111128043401'>
      <properties size='1'>
        <property name='download.size' value='3208'/>
      </properties>
    </artifact>
    <artifact classifier='osgi.bundle' id='org.eclipse.help.webapp.nl_zh' version='3.7.0.v20111128043401'>
      <properties size='1'>
        <property name='download.size' value='4740'/>
      </properties>
    </artifact>
    <artifact classifier='osgi.bundle' id='org.eclipse.help.base.nl_zh' version='3.7.0.v20111128043401'>
      <properties size='1'>
        <property name='download.size' value='4278'/>
      </properties>
    </artifact>
    <artifact classifier='osgi.bundle' id='org.eclipse.equinox.app.nl_zh' version='3.7.0.v20111128043401'>
      <properties size='1'>
        <property name='download.size' value='2872'/>
      </properties>
    </artifact>
    <artifact classifier='osgi.bundle' id='org.eclipse.core.contenttype' version='3.4.100.v20110423-0524'>
      <properties size='1'>
        <property name='download.size' value='91961'/>
      </properties>
    </artifact>
    <artifact classifier='osgi.bundle' id='org.apache.ant' version='1.8.2.v20110505-1300'>
      <properties size='1'>
        <property name='download.size' value='2206997'/>
      </properties>
      <repositoryProperties size='1'>
        <property name='artifact.folder' value='true'/>
      </repositoryProperties>
    </artifact>
    <artifact classifier='osgi.bundle' id='org.eclipse.equinox.p2.director' version='2.1.0.v20110504-1715'>
      <properties size='1'>
        <property name='download.size' value='95070'/>
      </properties>
    </artifact>
    <artifact classifier='osgi.bundle' id='com.hisilicon.terminal.serial' version='2.1.0'>
      <properties size='1'>
        <property name='download.size' value='32069'/>
      </properties>
    </artifact>
    <artifact classifier='org.eclipse.update.feature' id='org.soyatec.debugger.feature' version='3.0.2.v20141215-0845'>
      <properties size='1'>
        <property name='download.size' value='1107'/>
      </properties>
      <repositoryProperties size='1'>
        <property name='artifact.folder' value='true'/>
      </repositoryProperties>
    </artifact>
    <artifact classifier='osgi.bundle' id='com.soyatec.huawei.platform.ui' version='1.0.1'>
      <properties size='1'>
        <property name='download.size' value='349475'/>
      </properties>
    </artifact>
    <artifact classifier='osgi.bundle' id='com.soyatec.huawei.platform.rcp' version='2.0.11.v20141215-0845'>
      <properties size='1'>
        <property name='download.size' value='353625'/>
      </properties>
    </artifact>
    <artifact classifier='osgi.bundle' id='org.eclipse.ui.browser' version='3.3.100.v20110426'>
      <properties size='1'>
        <property name='download.size' value='188575'/>
      </properties>
    </artifact>
    <artifact classifier='osgi.bundle' id='com.soyatec.huawei.platform.api' version='1.0.0'>
      <properties size='1'>
        <property name='download.size' value='10193'/>
      </properties>
    </artifact>
    <artifact classifier='org.eclipse.update.feature' id='org.soyatec.register.feature' version='3.0.0.v20141215-0845'>
      <properties size='1'>
        <property name='download.size' value='935'/>
      </properties>
      <repositoryProperties size='1'>
        <property name='artifact.folder' value='true'/>
      </repositoryProperties>
    </artifact>
    <artifact classifier='osgi.bundle' id='org.eclipse.equinox.http.jetty' version='2.0.100.v20110502'>
      <properties size='1'>
        <property name='download.size' value='24884'/>
      </properties>
    </artifact>
    <artifact classifier='osgi.bundle' id='org.eclipse.equinox.http.jetty.nl_zh' version='3.7.0.v20111128043401'>
      <properties size='1'>
        <property name='download.size' value='1428'/>
      </properties>
    </artifact>
    <artifact classifier='org.eclipse.update.feature' id='org.eclipse.equinox.p2.extras.feature' version='1.0.1.R37x_v20110906-7A4FD4DiVOManqZttPtXz0lWlFbU'>
      <properties size='1'>
        <property name='download.size' value='25678'/>
      </properties>
      <repositoryProperties size='1'>
        <property name='artifact.folder' value='true'/>
      </repositoryProperties>
    </artifact>
    <artifact classifier='osgi.bundle' id='org.eclipse.core.jobs' version='3.5.100.v20110404'>
      <properties size='1'>
        <property name='download.size' value='91044'/>
      </properties>
    </artifact>
    <artifact classifier='osgi.bundle' id='org.eclipse.core.runtime.nl_zh' version='3.7.0.v20111128043401'>
      <properties size='1'>
        <property name='download.size' value='3888'/>
      </properties>
    </artifact>
    <artifact classifier='osgi.bundle' id='org.eclipse.help' version='3.5.100.v20110426'>
      <properties size='1'>
        <property name='download.size' value='257403'/>
      </properties>
    </artifact>
    <artifact classifier='org.eclipse.update.feature' id='org.eclipse.equinox.p2.rcp.feature' version='1.0.1.R37x_v20110906-782EpBqNKGUkZQpuT8hAlWlFbUeo'>
      <properties size='1'>
        <property name='download.size' value='25599'/>
      </properties>
      <repositoryProperties size='1'>
        <property name='artifact.folder' value='true'/>
      </repositoryProperties>
    </artifact>
    <artifact classifier='osgi.bundle' id='org.eclipse.jsch.core' version='1.1.300.I20110514-0800'>
      <properties size='1'>
        <property name='download.size' value='36301'/>
      </properties>
    </artifact>
  </artifacts>
</repository>
