<?xml version="1.0" encoding="UTF-8"?>
<view>
<bindtable order="VI,VPSS,VDEC,VENC" caption=" FirMod  FirDev  FirChn  SecMod  SecDev  SecChn  TirMod  TirDev  TirChn "/>
<modul name="VDEC" proc="cat /proc/umap/vdec" device="null" channel="ID">
	<!--1、当PrtclErr发生变化且!=0时，协议参数设置错误。MaxSlice、MaxSPS、MaxPPS中至少有一个设置不够。-->
	<debugitem errorcode="000001" level="error" >
		<condition>
		    <and>
		        <changed arg1="CHN STATE.PrtclErr" />
		        <unequals arg1="CHN STATE.PrtclErr" value="0" />
		    </and>
		</condition>
		<log lang="zh" message="协议参数设置错误。MaxSlice、MaxSPS、MaxPPS中至少有一个设置不够大。" />
		<remark lang="zh" message="PrtclErr={0}" arg1="CHN STATE.PrtclErr" />
	</debugitem>
	
	<!--2、当StrmUnSP发生变化且!=0时，码流规格不支持。-->
	<debugitem errorcode="000002" level="error">
		<condition>
		    <and>
		        <changed arg1="CHN STATE.StrmUnSP" />
		        <unequals arg1="CHN STATE.StrmUnSP" value="0" />
		    </and>
		</condition>
		<log lang="zh">码流规格不支持。</log>
		<remark lang="zh" message="StrmUnSP={0}" arg1="CHN STATE.StrmUnSP" />
	</debugitem>
	
	<!--3、当StrmErro发生变化且r!=0时，码流有错。这时如果ErrThr!=100，把ErrThr设置为100可能会解出更多图像。-->
	<debugitem errorcode="000003" level="error">
		<condition>
		    <and>
		        <changed arg1="CHN STATE.StrmError" />
		        <unequals arg1="CHN STATE.StrmError" value="0" />
		    </and>
		</condition>
		<log lang="zh">码流有错，如果把ErrThr设置为100可能会解出更多图像。</log>
		<remark lang="zh" message="StrmError={0}" arg1="CHN STATE.StrmError" />
	</debugitem>
	
	<!--4、当RefNumErr发生变化且!=0时，参考帧个数设置错误。RefNum设置不够。-->
	<debugitem errorcode="000004" level="error">
		<condition>
		    <and>
		        <changed arg1="CHN STATE.RefNumErr" />
		        <unequals arg1="CHN STATE.RefNumErr" value="0" />
		    </and>
		</condition>
		<log lang="zh">参考帧个数设置错误，RefNum设置不够大。</log>
		<remark lang="zh" message="RefNumErr={0}" arg1="CHN STATE.RefNumErr" />
	</debugitem>
	
	<!--5、当PicSizeErr发生变化且!=0时，图片总大小超过通道宽x通道高。应该创建宽高更大的解码通道。-->
	<debugitem errorcode="000005" level="error">
		<condition>
		    <and>
		        <changed arg1="CHN STATE.PicSizeErr" />
		        <unequals arg1="CHN STATE.PicSizeErr" value="0" />
		    </and>
		</condition>
		<log lang="zh">图片总大小超过通道宽x通道高，应该创建宽高更大的解码通道。</log>
		<remark lang="zh" message="PicSizeErr={0}" arg1="CHN STATE.PicSizeErr" />
	</debugitem>
	
	<!--6、当fmterror发生变化且!=0时，码流格式不支持。-->
	<debugitem errorcode="000006" level="error">
		<condition>
		    <and>
		        <changed arg1="CHN STATE.fmterror" />
		        <unequals arg1="CHN STATE.fmterror" value="0" />
		    </and>
		</condition>
		<log lang="zh">码流格式不支持。</log>
		<remark lang="zh" message="fmterror={0}" arg1="CHN STATE.fmterror" />
	</debugitem>
	
	<!--7、当PicBufSizeErr发生变化且!=0时，图像Buffer不够大。-->
	<debugitem errorcode="000007" level="error">
		<condition>
		    <and>
		        <changed arg1="CHN STATE.PicBufSizeErr" />
		        <unequals arg1="CHN STATE.PicBufSizeErr" value="0" />
		    </and>
		</condition>
		<log lang="zh">图像Buffer不够大。</log>
		<remark lang="zh" message="PicBufSizeErr={0}" arg1="CHN STATE.PicBufSizeErr" />
	</debugitem>
	
	<!--GetPicVbFail-->
	<!--8、当GetPicVbFail发生变化且!=0时，PicVB分别不足。-->
	<debugitem errorcode="000008" level="error">
		<condition>
		    <and>
		        <changed arg1="Detail FrameStore STATE.GetPicVbFail" />
		        <unequals arg1="Detail FrameStore STATE.GetPicVbFail" value="0" />
		    </and>
		</condition>
		<log lang="zh">PicVB分别不足。</log>
		<remark lang="zh" message="GetPicVbFail={0}" arg1="Detail FrameStore STATE.GetPicVbFail" />
	</debugitem>
	
	<!--GetPmvVbFail-->
	<!--9、当GetPmvVbFail发生变化且!=0时，PmvVB分别不足。-->
	<debugitem errorcode="000009" level="error">
		<condition>
		    <and>
		        <changed arg1="Detail FrameStore STATE.GetPmvVbFail" />
		        <unequals arg1="Detail FrameStore STATE.GetPmvVbFail" value="0" />
		    </and>
		</condition>
		<log lang="zh">PmvVB分别不足。</log>
		<remark lang="zh" message="GetPmvVbFail={0}" arg1="Detail FrameStore STATE.GetPmvVbFail" />
	</debugitem>
	
	<!--10、当MpiSndNum、FmNewPic、KerSnd长时间（60s应该足够长了）计数不增加且都为非0值，且DisplayMode为“PlayBack”且UserNode>1时, VDEC由于被反压而停止解码。-->
	<debugitem errorcode="000010" level="error">
		<condition>
		    <and>
		        <unchanged arg1="Detail Stream STATE.MpiSndNum" time="60"/>
		        <unchanged arg1="Detail FrameStore STATE.FmNewPic" time="60"/>
		        <unchanged arg1="Detail FrameStore STATE.KerSnd" time="60"/>
		        <unequals arg1="Detail Stream STATE.MpiSndNum" value="0" />
		        <unequals arg1="Detail FrameStore STATE.FmNewPic" value="0" />
		        <unequals arg1="Detail FrameStore STATE.KerSnd" value="0" />
		        <equals arg1="DisplayMode" value="PlayBack" />
		        <largerthan arg1="Detail FrameStore STATE.UserNode" value="1" />
		    </and>
		</condition>
		<log lang="zh">VDEC由于被反压而停止解码。</log>
		<remark lang="zh" message="UserNode={0} DisplayMode={1}" arg1="Detail FrameStore STATE.UserNode" arg2="DisplayMode" />
	</debugitem>
	
	<!--11、当MpiSndNum、FmNewPic、UsrSnd长时间（60s应该足够长了）计数不增加且都为非0值，且UserNode!=0时, VDEC由于被反压而停止解码。-->
	<debugitem errorcode="000011" level="error">
		<condition>
		    <and>
		        <unchanged arg1="Detail Stream STATE.MpiSndNum" time="60"/>
		        <unchanged arg1="Detail FrameStore STATE.FmNewPic" time="60"/>
		        <unchanged arg1="Detail FrameStore STATE.UsrSnd" time="60"/>
		        <unequals arg1="Detail Stream STATE.MpiSndNum" value="0" />
		        <unequals arg1="Detail FrameStore STATE.FmNewPic" value="0" />
		        <unequals arg1="Detail FrameStore STATE.UsrSnd" value="0" />
		        <largerthan arg1="Detail FrameStore STATE.UserNode" value="0" />
		    </and>
		</condition>
		<log lang="zh">VDEC由于被反压而停止解码。</log>
		<remark lang="zh" message="UserNode={0} DisplayMode={1}" arg1="Detail FrameStore STATE.UserNode" arg2="DisplayMode" />
	</debugitem>

<!--1、当Rotate!=0且DispNum<4时，VDEC可能会因为帧存不足而导致解码卡住，注意要分配足够的VB。--> 
	<debugitem errorcode="000012" level="error">
		<condition>
		    <and>
		        <unequals arg1="Rotate" value="0" />
		        <lessthan arg1="DispNum" value="4" />
		    </and>
		</condition>
		<log lang="zh">可能会因为帧存不足而导致解码卡住，请注意要分配足够的VB。</log>
		<remark lang="zh" message="Rotate={0} DispNum={1}" arg1="Rotate" arg2="DispNum"/>
	</debugitem>
<!--2、当PriVbCnt不为-1，且PriVbCnt<MaxVbCnt时，VB个数分配不足。-->	
	<debugitem errorcode="000013" level="error">
		<condition>
		    <and>
		        <unequals arg1="PriVbCnt" value="-1" />
		        <lessthan arg1="PriVbCnt" arg2="MaxVbCnt" />
		    </and>
		</condition>
		<log lang="zh">VB个数分配不足。</log>
		<remark lang="zh" message="PriVbCnt={0} MaxVbCnt={1}" arg1="PriVbCnt" arg2="MaxVbCnt" />
	</debugitem>
	
<!--3、当同时满足(1)StrmInputMode是"FRAME/  BLOCK"或者是"FRAME/NOBLOCK"或者是"FRAME/TIMEOUT";
	(2)MpiSndNum<FmNewPic时，chn ID 发送码流有问题，每次发送的不是一帧码流而是很多帧码流。-->	
	<debugitem errorcode="000014" level="error">
		<condition>
		    <and>
				<or>
		        <equals arg1="StrmInputMode" value="FRAME/BLOCK" />
		        <equals arg1="StrmInputMode" value="FRAME/NOBLOCK" />
		        <equals arg1="StrmInputMode" value="FRAME/TIMEOUT" />
				</or>
		        <lessthan arg1="Detail Stream STATE.MpiSndNum" arg2="Detail FrameStore STATE.FmNewPic" />
		    </and>
		</condition>
		<log lang="zh">发送码流有问题，每次发送的不是一帧码流而是很多帧码流。</log>
		<remark lang="zh" message="StrmInputMode={0} MpiSndNum={1}" arg1="StrmInputMode" arg2="Detail FrameStore STATE.FmNewPic" />
	</debugitem>

    <!--1、如果MiniBufMode==1，解码码流buffer使用省内存模式，请注意超大帧处理。-->
	<debugitem errorcode="000015" level="warning" type="once">
		<condition>
		    <and>
		        <equals arg1="MODULE PARAM.MiniBufMode" value="1" />
		    </and>
		</condition>
		<log lang="zh">解码码流buffer使用省内存模式，请注意超大帧处理。</log>
		<remark lang="zh" message="MiniBufMode={0}" arg1="MODULE PARAM.MiniBufMode" />
	</debugitem>
	
	<!--1、当DecMode为“IPB”且OutMode为“Dec”时，如果码流有B帧，则解码序输出可能导致图像播放乱序。-->
	<debugitem errorcode="000016" level="warning">
		<condition>
			<and>
				<equals arg="DecMode" value="IPB" />
				<equals arg="OutMode" value="Dec" />
			</and>
		</condition>
		<log lang="zh">码流有B帧，则解码序输出可能导致图像播放乱序。</log>
		<remark lang="zh" message="DecMode={0} OutMode={1}" arg1="DecMode" arg2="OutMode"/>
	</debugitem>	
	
	<!--2、当BusyNode > 1，解码后端处理图像较慢，有BusyNode个已解码图像堆积在VDEC内部。-->
	<debugitem errorcode="000017" level="warning">
		<condition>
			<and>
				<largerthan arg="Detail FrameStore STATE.BusyNode" value="1" />
			</and>
		</condition>
		<log lang="zh">解码后端处理图像较慢，有部分已解码图像堆积在VDEC内部。</log>
		<remark lang="zh" message="BusyNode={0}" arg1="Detail FrameStore STATE.BusyNode" />
	</debugitem>
	
	<!--3、当Discard发生变化且!=0，有用户数据被丢弃。-->
	<debugitem errorcode="000018" level="warning">
		<condition>
			<and>
				<changed arg1="Detail UserData STATE.Discard" />
		        <unequals arg1="Detail UserData STATE.Discard" value="0" />
			</and>
		</condition>
		<log lang="zh">有用户数据被丢弃。</log>
		<remark lang="zh" message="Discard={0}" arg1="Detail UserData STATE.Discard" />
	</debugitem>
	
	<!--	4、如果MpiSndNum、MpiSndLen、FmGetNum、FmGetLen、FmRlsNum、FmRlsLen、 FmLstGet、UsrSnd都由非0值变为0，且UserNode不为0，通道已复位，但还有解码图像未释放。-->
	<debugitem errorcode="000019" level="warning">
		<condition>
			<and>
				<changed arg1="Detail Stream STATE.MpiSndNum"/>
				<changed arg1="Detail Stream STATE.MpiSndLen"/>
				<changed arg1="Detail Stream STATE.FmGetNum"/>
				<changed arg1="Detail Stream STATE.FmGetLen"/>
				<changed arg1="Detail Stream STATE.FmRlsNum"/>
				<changed arg1="Detail Stream STATE.FmRlsLen"/>
				<changed arg1="Detail Stream STATE.FmLstGet"/>
				<changed arg1="Detail Stream STATE.UsrSnd"/>
				<equals arg1="Detail Stream STATE.MpiSndNum" value="0" />
				<equals arg1="Detail Stream STATE.MpiSndLen" value="0" />
				<equals arg1="Detail Stream STATE.FmGetNum" value="0" />
				<equals arg1="Detail Stream STATE.FmGetLen" value="0" />
				<equals arg1="Detail Stream STATE.FmRlsNum" value="0" />
				<equals arg1="Detail Stream STATE.FmRlsLen" value="0" />
				<equals arg1="Detail Stream STATE.FmLstGet" value="0" />
				<equals arg1="Detail Stream STATE.UsrSnd" value="0" />
				<unequals arg1="Detail FrameStore STATE.UserNode" value="0" />
			</and>
		</condition>
		<log lang="zh">通道已复位，但还有解码图像未释放。</log>
		<remark lang="zh" message="UserNode={0}" arg1="Detail FrameStore STATE.UserNode" />
	</debugitem>
	
	<!--5、当CurPicPts一直为某一个非0值（统计10秒），PTS异常，一直为CurPicPts。-->
	<!--Detail FrameStore STATE.CurPicPts-->
	<debugitem errorcode="000020" level="warning" >
		<condition>
			<and>
				<unchanged arg1="Detail FrameStore STATE.CurPicPts" time="10"/>
				<unequals arg1="Detail FrameStore STATE.CurPicPts" value="0"/>
			</and>
		</condition>
		<log lang="zh">PTS异常。</log>
		<remark lang="zh" message="CurPicPts={0}" arg1="Detail FrameStore STATE.CurPicPts" />
	</debugitem>
</modul>
</view>