<?xml version="1.0" encoding="UTF-8"?>
<config transient="false" date="1418633184682">
	<site enabled="true" updateable="true" policy="USER-EXCLUDE" url="platform:/base/">
		<feature id="org.soyatec.debugger.feature" url="features/org.soyatec.debugger.feature_3.0.2.v20141215-0845/" version="3.0.2.v20141215-0845">
		</feature>
		<feature id="org.eclipse.equinox.p2.extras.feature" url="features/org.eclipse.equinox.p2.extras.feature_1.0.1.R37x_v20110906-7A4FD4DiVOManqZttPtXz0lWlFbU/" version="1.0.1.R37x_v20110906-7A4FD4DiVOManqZttPtXz0lWlFbU">
		</feature>
		<feature id="org.eclipse.equinox.p2.rcp.feature" url="features/org.eclipse.equinox.p2.rcp.feature_1.0.1.R37x_v20110906-782EpBqNKGUkZQpuT8hAlWlFbUeo/" version="1.0.1.R37x_v20110906-782EpBqNKGUkZQpuT8hAlWlFbUeo">
		</feature>
		<feature id="org.eclipse.equinox.p2.core.feature" url="features/org.eclipse.equinox.p2.core.feature_1.0.1.R37x_v20110906-8290FZ3FUqIcLqkVkEaTdn_14C7G/" version="1.0.1.R37x_v20110906-8290FZ3FUqIcLqkVkEaTdn_14C7G">
		</feature>
		<feature id="com.soyatec.huawei.platform.feature" url="features/com.soyatec.huawei.platform.feature_2.0.11.v20141215-0845/" version="2.0.11.v20141215-0845">
		</feature>
		<feature id="com.soyatec.huawei.ddrtraining.feature" url="features/com.soyatec.huawei.ddrtraining.feature_3.0.0.v20141215-0845/" version="3.0.0.v20141215-0845">
		</feature>
		<feature id="org.soyatec.fastboot.feature" url="features/org.soyatec.fastboot.feature_3.0.12.v20141215-0845/" version="3.0.12.v20141215-0845">
		</feature>
		<feature id="org.soyatec.huawei.platform.update.contents.feature" url="features/org.soyatec.huawei.platform.update.contents.feature_1.0.0.v20141215-0844/" version="1.0.0.v20141215-0844">
		</feature>
		<feature id="org.eclipse.equinox.p2.user.ui" url="features/org.eclipse.equinox.p2.user.ui_2.1.2.R37x_v20110815-1155-6-Bj9JXOeQxOURYC-l9BL7rDEQO7/" version="2.1.2.R37x_v20110815-1155-6-Bj9JXOeQxOURYC-l9BL7rDEQO7">
		</feature>
		<feature id="org.eclipse.help" plugin-identifier="org.eclipse.help.base" url="features/org.eclipse.help_1.3.0.v20110327-7i7uFFkFFp7gNobOpNgKo0/" version="1.3.0.v20110327-7i7uFFkFFp7gNobOpNgKo0">
		</feature>
		<feature id="org.soyatec.register.feature" url="features/org.soyatec.register.feature_3.0.0.v20141215-0845/" version="3.0.0.v20141215-0845">
		</feature>
		<feature id="com.soyatec.huawei.platform.update.feature" url="features/com.soyatec.huawei.platform.update.feature_1.0.0.v20141215-0845/" version="1.0.0.v20141215-0845">
		</feature>
	</site>
</config>
